"ward","pdem_vot_turnout","pvote_khan","pvote_oneill","pvote_krasner","pvote_untermeyer","pvote_negrin","pvote_shabazz","pvote_deni","pvote_write_in"
"1",31.9075394253618,15.470548408937,13.1347325660122,53.3513879485443,4.6039268788084,10.832769126608,1.32024373730535,1.2863913337847,0
"10",22.9058881497906,15.2191449314332,0.941113202473783,50.4436676525948,6.05001344447432,6.82979295509546,19.8440440978758,0.672223716052702,0
"11",15.5139770575788,14.7164393395549,1.22038765254846,28.8585786073223,10.5527638190955,11.7731514716439,31.8018664752333,1.07681263460158,0
"12",19.2934782608696,16.9775409212029,0.723258469737343,42.1773886562619,7.3087171678721,7.23258469737343,24.4765892653217,1.10392082223068,0
"13",18.0786094581898,19.8787353832828,5.80337808575141,31.1390212213079,9.44131658726721,10.3941100043309,22.2174101342573,1.12602858380251,0
"14",19.6140839466879,16.5314401622718,1.3184584178499,39.7565922920893,10.0405679513185,12.0689655172414,15.1115618661258,5.17241379310345,0
"15",36.2315996074583,28.9274106175515,2.41061755146262,42.4160346695558,4.90249187432286,17.7139761646804,1.89599133261105,1.73347778981582,0
"16",12.4951443739479,14.5077720207254,4.76683937823834,26.1139896373057,20.8290155440415,11.1917098445596,21.9689119170984,0.621761658031088,0
"17",19.7519929140833,18.6616074508451,0.689893066574681,34.7016212487065,7.58882373232149,6.93342531907554,30.7692307692308,0.620903759917213,0.034494653328734
"18",25.8241758241758,17.6170212765957,3.74468085106383,58.7659574468085,7.19148936170213,9.91489361702128,1.48936170212766,1.27659574468085,0
"19",7.03451570524304,10.8658743633277,1.01867572156197,25.4668930390492,6.45161290322581,49.5755517826825,5.77249575551783,0.848896434634975,0
"2",34.6011921657678,24.2616899097621,2.64561115668581,55.045118949959,3.7940935192781,10.6439704675964,2.44052502050861,1.14848236259229,0.0205086136177194
"20",10.9593246354566,14.9859943977591,0.420168067226891,36.6946778711485,12.0448179271709,20.3081232492997,13.7254901960784,1.82072829131653,0
"21",26.722597299444,33.7915660412409,7.98811071892997,32.2868289058146,4.47705740293517,16.8307635147687,2.95374326583689,1.67193015047371,0
"22",35.7685563997662,24.7095134350036,0.853304284676834,49.0196078431373,3.46768336964415,8.71459694989107,12.5453885257807,0.689905591866376,0
"23",10.796266711511,19.8598130841121,19.7040498442368,24.1433021806854,8.56697819314642,14.2523364485981,11.5264797507788,1.94704049844237,0
"24",16.4643920311427,14.6036161335188,2.01668984700974,45.6189151599444,11.1961057023644,9.94436717663421,15.0904033379694,1.46036161335188,0.0695410292072323
"25",9.55277280858676,21.0986267166042,11.7353308364544,32.70911360799,13.8576779026217,14.9812734082397,3.99500624219725,1.62297128589263,0
"26",20.2494135078405,15.2439024390244,15.5487804878049,27.1341463414634,9.45121951219512,29.3292682926829,1.52439024390244,1.76829268292683,0
"27",14.3885938750273,14.1051567239636,1.06167846309403,69.8685540950455,3.13447927199191,6.31951466127401,4.44893832153691,1.06167846309403,0
"28",14.9397281354193,15.9656652360515,6.3519313304721,21.9742489270386,13.5622317596567,19.8283261802575,20.9442060085837,1.37339055793991,0
"29",20.5936920222635,13.4384384384384,1.12612612612613,40.4654654654655,7.28228228228228,22.5975975975976,13.5885885885886,1.42642642642643,0.0750750750750751
"3",18.7906371911573,13.7543252595156,2.07612456747405,30.5795847750865,21.7560553633218,9.12629757785467,21.5397923875433,1.16782006920415,0
"30",32.4930774372195,39.2594769321187,1.7631501616221,40.6993828974434,2.67411107846018,10.9903026741111,3.58507199529827,1.02850426094622,0
"31",26.974025974026,22.5806451612903,6.35532017332691,57.2460279248917,3.61097737120847,8.18488204140587,0.91478093403948,1.05922002888782,0.0481463649494463
"32",13.3374498301945,14.2361111111111,2.1412037037037,29.4560185185185,11.8055555555556,14.4097222222222,26.8518518518519,1.04166666666667,0.0578703703703704
"33",5.09680324178298,26.1484098939929,5.30035335689046,25.0883392226148,9.18727915194346,23.1448763250883,9.01060070671378,2.12014134275618,0
"34",21.6695406110448,15.6702713731891,2.42807590287696,34.4827586206897,7.97796368088145,11.1609875535605,26.7088349316466,1.55070393797184,0.02040399918384
"35",11.8146929824561,18.6194895591647,6.26450116009281,27.0881670533643,10.7308584686775,20.7656612529002,14.7331786542923,1.79814385150812,0
"36",21.7682555500194,14.7761953204476,2.36520854526958,41.6327568667345,7.50254323499491,17.7009155645982,14.6236012207528,1.39877924720244,0
"37",10.4533865425119,15.3764581124072,1.37857900318134,39.4485683987275,11.983032873807,15.270413573701,15.0583244962884,1.48462354188759,0
"38",23.5244440273998,19.4654966094934,1.79497407259673,30.7538891104906,5.58436378141205,29.1583566015158,12.0861587554846,1.15676106900678,0
"39A",22.4981188863807,11.753463927377,40.6115623506928,21.4046822742475,8.36120401337793,13.1868131868132,2.96225513616818,1.72001911132346,0
"39B",25.6854882410318,12.5316455696203,12.0253164556962,47.5105485232068,10.464135021097,14.9789029535865,0.928270042194093,1.51898734177215,0.0421940928270042
"4",16.7886114203913,16.0587399336807,1.70535291331123,30.3173851255329,9.8531501657982,9.8531501657982,30.6963524396021,1.468498342018,0.0473709142586452
"40A",18.1657848324515,13.5922330097087,15.9427695452223,33.0097087378641,8.02248339294839,11.0884006131834,17.1180378129791,1.22636688809402,0
"40B",11.6672616922528,14.3206854345165,13.8310893512852,29.1309669522644,7.16034271725826,9.54712362301102,24.9082007343941,1.1015911872705,0
"41",10.4580070792663,23.6923076923077,13.025641025641,17.9487179487179,15.0769230769231,18.1538461538462,7.7948717948718,4.30769230769231,0
"42",8.95880361173815,15.9055118110236,1.18110236220472,44.8818897637795,6.8503937007874,14.8818897637795,14.5669291338583,1.73228346456693,0
"43",8.90903152049649,16.5902841429881,1.74152153987168,32.1723189734189,10.1741521539872,23.0980751604033,15.032080659945,1.19156736938588,0
"44",16.0326086956522,14.6186440677966,1.0593220338983,36.5819209039548,9.18079096045198,10.7344632768362,26.7655367231638,1.0593220338983,0
"45",10.03600360036,22.085201793722,16.5919282511211,17.152466367713,12.5560538116592,25.7847533632287,2.3542600896861,3.36322869955157,0.112107623318386
"46",33.1960885229027,12.3145071982281,0.53156146179402,68.7043189368771,2.94573643410853,5.38205980066445,9.3687707641196,0.753045404208195,0
"47",12.8871300757054,16.8224299065421,5.74098798397864,41.6555407209613,10.4138851802403,9.34579439252336,14.8197596795728,1.20160213618158,0
"48",15.7126281183524,15.5076923076923,3.13846153846154,40.1846153846154,12.6769230769231,13.5384615384615,12.7384615384615,2.09230769230769,0.123076923076923
"49",15.7990314769976,19.1570881226054,1.6602809706258,33.0353341847595,9.49340144742444,10.727969348659,19.029374201788,6.85398041719881,0.042571306939123
"5",26.4583798259317,30.4487179487179,1.63630229419703,45.5802968960864,5.01012145748988,14.6929824561404,1.55195681511471,1.06275303643725,0.0168690958164642
"50",28.3535567182456,14.0557518649391,0.765606595995289,55.8303886925795,4.80957989791912,5.90891244601492,18.0604632901453,0.569297212406753,0
"51",17.6062573789847,12.5733445096396,1.55071248952221,46.2699077954736,13.4534786253143,7.33445096395641,17.6445934618609,1.17351215423303,0
"52",24.8975816043346,16.8259023354565,1.59235668789809,37.6326963906582,8.62526539278132,17.2505307855626,17.0647558386412,1.00849256900212,0
"53",12.8070716414842,21.7495987158909,7.70465489566613,22.23113964687,16.131621187801,20.8667736757624,9.06902086677368,2.24719101123596,0
"54",9.35307872174591,20.9722222222222,10.8333333333333,19.1666666666667,17.7777777777778,16.9444444444444,11.9444444444444,2.36111111111111,0
"55",13.0958354239839,19.5402298850575,17.5478927203065,14.7126436781609,21.6858237547893,20.9195402298851,3.14176245210728,2.45210727969349,0
"56",15.7112242164479,20.4177323103154,13.9812446717818,14.0238704177323,25.8312020460358,19.5652173913043,3.96419437340153,2.21653878942881,0
"57",16.307954868683,18.8372093023256,26.2209302325581,14.4767441860465,11.9186046511628,22.3837209302326,2.61627906976744,3.48837209302326,0.0581395348837209
"58",16.18030547622,22.7551803530315,14.313123561013,13.6991557943208,15.2340752110514,29.7006907137375,1.88027628549501,2.41749808135073,0
"59",22.5350025927847,21.2031558185404,1.11768573307035,41.025641025641,5.32544378698225,7.46219592373439,22.8468113083498,1.01906640368179,0
"6",18.2760191300387,13.8940809968847,1.99376947040498,47.1028037383178,6.91588785046729,10.404984423676,18.380062305296,1.30841121495327,0
"60",20.2724842631715,13.3560187154402,1.23351765206295,40.4934070608252,10.8039132284134,14.8447469162059,18.1199489578903,1.10591237771161,0.0425350914504466
"61",16.7951505567635,22.7540211847783,2.00078462142016,32.561788936838,6.08081600627697,11.180855237348,24.2840329540996,1.05923891722244,0.0784621420164771
"62",8.78273067331671,16.2377994676131,22.715173025732,21.9165927240461,9.67169476486247,16.0603371783496,10.8251996450754,2.48447204968944,0.0887311446317657
"63",23.21083172147,25.8333333333333,23.59375,14.0625,9.32291666666667,23.1770833333333,1.35416666666667,2.65625,0
"64",13.9817094618361,19.622641509434,21.8867924528302,13.2075471698113,11.1949685534591,27.2955974842767,2.26415094339623,4.52830188679245,0
"65",17.6186903868824,18.9172749391727,25.669099756691,13.2603406326034,14.2335766423358,20.9245742092457,4.01459854014599,2.98053527980535,0
"66A",16.7348651767915,14.9216300940439,28.4639498432602,12.2257053291536,11.7241379310345,27.1473354231975,2.00626959247649,3.51097178683386,0
"66B",15.7119174801989,15.1230949589683,19.4607268464244,9.96483001172333,20.2813599062134,30.3634232121923,2.2274325908558,2.57913247362251,0
"7",4.77806788511749,14.5719489981785,1.09289617486339,14.5719489981785,8.37887067395264,54.8269581056466,4.55373406193078,1.82149362477231,0.182149362477231
"8",30.1534653465347,31.0786406173042,2.05220817599737,41.9799704482023,5.35215892300115,16.9758660318503,1.34624856345428,1.21490724019044,0
"9",44.8842105263158,37.03095684803,4.12757973733583,40.7598499061914,2.6266416510319,12.171669793621,2.76735459662289,0.515947467166979,0
